{
  "dist": {
    "4": 0.19809179335226096,
    "6": 0.17608159409089852,
    "8": 0.14856884501419573,
    "10": 0.12677874774544678,
    "12": 0.11005099630681148,
    "14": 0.09702455184600535,
    "16": 0.06190368542258156,
    "18": 0.039129243131310776,
    "20": 0.023771015202271317,
    "22": 0.013096978072876738,
    "24": 0.0055025498153405735
  },
  "tolerance": 0.05
}